<?xml version="1.0" encoding="UTF-8"?>
<Tokens version="1.0">
  <Token>
    <TokenIdentifier>
      <Name>Athlete</Name>
      <APILanguage>csharp</APILanguage>
      <Type>cl</Type>
      <Scope>Athlete</Scope>
    </TokenIdentifier>
    <Path>classAthlete.html</Path>
    <Abstract>Athlete class to input individual&amp;#39;s personal information and events to partake in. </Abstract>
  </Token>
  <Token>
    <TokenIdentifier>
      <Name>Athlete</Name>
      <APILanguage>csharp</APILanguage>
      <Type>instm</Type>
      <Scope>Athlete</Scope>
    </TokenIdentifier>
    <Path>classAthlete.html</Path>
    <Anchor>a3b2ab137b0f940eee2965898bd22dadb</Anchor>
    <DeclaredIn>Class1.cs</DeclaredIn>
  </Token>
  <Token>
    <TokenIdentifier>
      <Name>firstName</Name>
      <APILanguage>csharp</APILanguage>
      <Type>instp</Type>
      <Scope>Athlete</Scope>
    </TokenIdentifier>
    <Path>classAthlete.html</Path>
    <Anchor>af1567abd99a20dd128959681ef7f457b</Anchor>
  </Token>
  <Token>
    <TokenIdentifier>
      <Name>lastName</Name>
      <APILanguage>csharp</APILanguage>
      <Type>instp</Type>
      <Scope>Athlete</Scope>
    </TokenIdentifier>
    <Path>classAthlete.html</Path>
    <Anchor>a9d8f08579c9749c7f40965a100fc8b08</Anchor>
  </Token>
  <Token>
    <TokenIdentifier>
      <Name>gender</Name>
      <APILanguage>csharp</APILanguage>
      <Type>instp</Type>
      <Scope>Athlete</Scope>
    </TokenIdentifier>
    <Path>classAthlete.html</Path>
    <Anchor>a6606f4bf491738676ed79d3680bbe1b2</Anchor>
  </Token>
  <Token>
    <TokenIdentifier>
      <Name>Database</Name>
      <APILanguage>csharp</APILanguage>
      <Type>cl</Type>
      <Scope>Database</Scope>
    </TokenIdentifier>
    <Path>classDatabase.html</Path>
    <Abstract>DEPRECATED!!! Database SUBSYSTEM houses all the information of the Winter Olympics. </Abstract>
  </Token>
  <Token>
    <TokenIdentifier>
      <Name>Database</Name>
      <APILanguage>csharp</APILanguage>
      <Type>instm</Type>
      <Scope>Database</Scope>
    </TokenIdentifier>
    <Path>classDatabase.html</Path>
    <Anchor>a2ed32b5fa1ed9b2591c32ddcda28e337</Anchor>
    <DeclaredIn>Class1.cs</DeclaredIn>
  </Token>
  <Token>
    <TokenIdentifier>
      <Name>IceDance</Name>
      <APILanguage>csharp</APILanguage>
      <Type>cl</Type>
      <Scope>IceDance</Scope>
    </TokenIdentifier>
    <Path>classIceDance.html</Path>
    <Abstract>IceDance class is one of the 3 FigureSkating events. </Abstract>
  </Token>
  <Token>
    <TokenIdentifier>
      <Name>IceDance</Name>
      <APILanguage>csharp</APILanguage>
      <Type>instm</Type>
      <Scope>IceDance</Scope>
    </TokenIdentifier>
    <Path>classIceDance.html</Path>
    <Anchor>a237069675d6d3af0a9e781d2ae34ebfe</Anchor>
    <DeclaredIn>Class1.cs</DeclaredIn>
  </Token>
  <Token>
    <TokenIdentifier>
      <Name>AddAthleteMale</Name>
      <APILanguage>csharp</APILanguage>
      <Type>instm</Type>
      <Scope>IceDance</Scope>
    </TokenIdentifier>
    <Path>classIceDance.html</Path>
    <Anchor>abaf4f53da183e1bee83a6e2976ce5c95</Anchor>
    <DeclaredIn>Class1.cs</DeclaredIn>
  </Token>
  <Token>
    <TokenIdentifier>
      <Name>AddAthleteFemale</Name>
      <APILanguage>csharp</APILanguage>
      <Type>instm</Type>
      <Scope>IceDance</Scope>
    </TokenIdentifier>
    <Path>classIceDance.html</Path>
    <Anchor>a7b0f52e81042ff7cb39fc8fb3c7e6a13</Anchor>
    <DeclaredIn>Class1.cs</DeclaredIn>
  </Token>
  <Token>
    <TokenIdentifier>
      <Name>PairSkating</Name>
      <APILanguage>csharp</APILanguage>
      <Type>cl</Type>
      <Scope>PairSkating</Scope>
    </TokenIdentifier>
    <Path>classPairSkating.html</Path>
    <Abstract>PairSkating class is one of the 3 FigureSkating events. </Abstract>
  </Token>
  <Token>
    <TokenIdentifier>
      <Name>AddAthlete</Name>
      <APILanguage>csharp</APILanguage>
      <Type>instm</Type>
      <Scope>PairSkating</Scope>
    </TokenIdentifier>
    <Path>classPairSkating.html</Path>
    <Anchor>a32f1d4f6c99becbf394822d0abf2d508</Anchor>
    <DeclaredIn>Class1.cs</DeclaredIn>
  </Token>
  <Token>
    <TokenIdentifier>
      <Name>Registration</Name>
      <APILanguage>csharp</APILanguage>
      <Type>cl</Type>
      <Scope>Registration</Scope>
    </TokenIdentifier>
    <Path>classRegistration.html</Path>
    <Abstract>Registration class registers Teams and Athletes. </Abstract>
  </Token>
  <Token>
    <TokenIdentifier>
      <Name>Registration</Name>
      <APILanguage>csharp</APILanguage>
      <Type>instm</Type>
      <Scope>Registration</Scope>
    </TokenIdentifier>
    <Path>classRegistration.html</Path>
    <Anchor>a42b6fa0a52ec6f1a632c7dbae2e4995a</Anchor>
    <DeclaredIn>Class1.cs</DeclaredIn>
  </Token>
  <Token>
    <TokenIdentifier>
      <Name>registerAthlete</Name>
      <APILanguage>csharp</APILanguage>
      <Type>instm</Type>
      <Scope>Registration</Scope>
    </TokenIdentifier>
    <Path>classRegistration.html</Path>
    <Anchor>aa0b6171c6cfb18e6c67f003d776914de</Anchor>
    <DeclaredIn>Class1.cs</DeclaredIn>
  </Token>
  <Token>
    <TokenIdentifier>
      <Name>deleteAthlete</Name>
      <APILanguage>csharp</APILanguage>
      <Type>instm</Type>
      <Scope>Registration</Scope>
    </TokenIdentifier>
    <Path>classRegistration.html</Path>
    <Anchor>ab8effd4c7b67d1e767530a2534d8b354</Anchor>
    <DeclaredIn>Class1.cs</DeclaredIn>
  </Token>
  <Token>
    <TokenIdentifier>
      <Name>Scoring</Name>
      <APILanguage>csharp</APILanguage>
      <Type>cl</Type>
      <Scope>Scoring</Scope>
    </TokenIdentifier>
    <Path>classScoring.html</Path>
    <Abstract>Scoring class manages the official scores/times recorded by the judges. </Abstract>
  </Token>
  <Token>
    <TokenIdentifier>
      <Name>Scoring</Name>
      <APILanguage>csharp</APILanguage>
      <Type>instm</Type>
      <Scope>Scoring</Scope>
    </TokenIdentifier>
    <Path>classScoring.html</Path>
    <Anchor>af50c5086e741aef0bb7b8c91e2d3f2f2</Anchor>
    <DeclaredIn>Class1.cs</DeclaredIn>
  </Token>
  <Token>
    <TokenIdentifier>
      <Name>EnterTime</Name>
      <APILanguage>csharp</APILanguage>
      <Type>instm</Type>
      <Scope>Scoring</Scope>
    </TokenIdentifier>
    <Path>classScoring.html</Path>
    <Anchor>af08d1140b49215abf2a56a34d74249f6</Anchor>
    <DeclaredIn>Class1.cs</DeclaredIn>
  </Token>
  <Token>
    <TokenIdentifier>
      <Name>EnterScore</Name>
      <APILanguage>csharp</APILanguage>
      <Type>instm</Type>
      <Scope>Scoring</Scope>
    </TokenIdentifier>
    <Path>classScoring.html</Path>
    <Anchor>a0943ddd7d6181c24c03c98c257cd6354</Anchor>
    <DeclaredIn>Class1.cs</DeclaredIn>
  </Token>
  <Token>
    <TokenIdentifier>
      <Name>score</Name>
      <APILanguage>csharp</APILanguage>
      <Type>instp</Type>
      <Scope>Scoring</Scope>
    </TokenIdentifier>
    <Path>classScoring.html</Path>
    <Anchor>a98cbf9ebbee504f67d1ebcbb45f3bf40</Anchor>
  </Token>
  <Token>
    <TokenIdentifier>
      <Name>SingleSkating</Name>
      <APILanguage>csharp</APILanguage>
      <Type>cl</Type>
      <Scope>SingleSkating</Scope>
    </TokenIdentifier>
    <Path>classSingleSkating.html</Path>
    <Abstract>SingleSkating class is one of the 3 FigureSkating events. </Abstract>
  </Token>
  <Token>
    <TokenIdentifier>
      <Name>SingleSkating</Name>
      <APILanguage>csharp</APILanguage>
      <Type>instm</Type>
      <Scope>SingleSkating</Scope>
    </TokenIdentifier>
    <Path>classSingleSkating.html</Path>
    <Anchor>af9d28072daf32072d6169079cfeb6d68</Anchor>
    <DeclaredIn>Class1.cs</DeclaredIn>
  </Token>
  <Token>
    <TokenIdentifier>
      <Name>AddAthleteMale</Name>
      <APILanguage>csharp</APILanguage>
      <Type>instm</Type>
      <Scope>SingleSkating</Scope>
    </TokenIdentifier>
    <Path>classSingleSkating.html</Path>
    <Anchor>a5af177900da74048cda071514a38339b</Anchor>
    <DeclaredIn>Class1.cs</DeclaredIn>
  </Token>
  <Token>
    <TokenIdentifier>
      <Name>AddAthleteFemale</Name>
      <APILanguage>csharp</APILanguage>
      <Type>instm</Type>
      <Scope>SingleSkating</Scope>
    </TokenIdentifier>
    <Path>classSingleSkating.html</Path>
    <Anchor>a8b0ede01071b657b05037ccccc114ffe</Anchor>
    <DeclaredIn>Class1.cs</DeclaredIn>
  </Token>
  <Token>
    <TokenIdentifier>
      <Name>SS1000m</Name>
      <APILanguage>csharp</APILanguage>
      <Type>cl</Type>
      <Scope>SS1000m</Scope>
    </TokenIdentifier>
    <Path>classSS1000m.html</Path>
    <Abstract>SS1000m is one of the 3 SpeedSkating events. </Abstract>
  </Token>
  <Token>
    <TokenIdentifier>
      <Name>SS1000m</Name>
      <APILanguage>csharp</APILanguage>
      <Type>instm</Type>
      <Scope>SS1000m</Scope>
    </TokenIdentifier>
    <Path>classSS1000m.html</Path>
    <Anchor>ad5337b60e7afee5828a7e0cf9899cca3</Anchor>
    <DeclaredIn>Class1.cs</DeclaredIn>
  </Token>
  <Token>
    <TokenIdentifier>
      <Name>AddAthleteMale</Name>
      <APILanguage>csharp</APILanguage>
      <Type>instm</Type>
      <Scope>SS1000m</Scope>
    </TokenIdentifier>
    <Path>classSS1000m.html</Path>
    <Anchor>afad3dba1017896895415a9f2e5f9eabb</Anchor>
    <DeclaredIn>Class1.cs</DeclaredIn>
  </Token>
  <Token>
    <TokenIdentifier>
      <Name>AddAthleteFemale</Name>
      <APILanguage>csharp</APILanguage>
      <Type>instm</Type>
      <Scope>SS1000m</Scope>
    </TokenIdentifier>
    <Path>classSS1000m.html</Path>
    <Anchor>af69afe7323ed0852a5809e3339f1ff01</Anchor>
    <DeclaredIn>Class1.cs</DeclaredIn>
  </Token>
  <Token>
    <TokenIdentifier>
      <Name>SS1500m</Name>
      <APILanguage>csharp</APILanguage>
      <Type>cl</Type>
      <Scope>SS1500m</Scope>
    </TokenIdentifier>
    <Path>classSS1500m.html</Path>
    <Abstract>SS1500m is one of the 3 SpeedSkating events. </Abstract>
  </Token>
  <Token>
    <TokenIdentifier>
      <Name>SS1500m</Name>
      <APILanguage>csharp</APILanguage>
      <Type>instm</Type>
      <Scope>SS1500m</Scope>
    </TokenIdentifier>
    <Path>classSS1500m.html</Path>
    <Anchor>ad2c8b9954c13aa78db226ad188541061</Anchor>
    <DeclaredIn>Class1.cs</DeclaredIn>
  </Token>
  <Token>
    <TokenIdentifier>
      <Name>AddathleteMale</Name>
      <APILanguage>csharp</APILanguage>
      <Type>instm</Type>
      <Scope>SS1500m</Scope>
    </TokenIdentifier>
    <Path>classSS1500m.html</Path>
    <Anchor>abfbd5eb057e580ba3fdd97671acbbef3</Anchor>
    <DeclaredIn>Class1.cs</DeclaredIn>
  </Token>
  <Token>
    <TokenIdentifier>
      <Name>AddAthleteFemale</Name>
      <APILanguage>csharp</APILanguage>
      <Type>instm</Type>
      <Scope>SS1500m</Scope>
    </TokenIdentifier>
    <Path>classSS1500m.html</Path>
    <Anchor>afe813f2eaa702eb925477e2ff9f13929</Anchor>
    <DeclaredIn>Class1.cs</DeclaredIn>
  </Token>
  <Token>
    <TokenIdentifier>
      <Name>SS500m</Name>
      <APILanguage>csharp</APILanguage>
      <Type>cl</Type>
      <Scope>SS500m</Scope>
    </TokenIdentifier>
    <Path>classSS500m.html</Path>
    <Abstract>SS500m is one of the 3 SpeedSkating events. </Abstract>
  </Token>
  <Token>
    <TokenIdentifier>
      <Name>SS500m</Name>
      <APILanguage>csharp</APILanguage>
      <Type>instm</Type>
      <Scope>SS500m</Scope>
    </TokenIdentifier>
    <Path>classSS500m.html</Path>
    <Anchor>aaa1286add333a5f9aecc97cf0e65587d</Anchor>
    <DeclaredIn>Class1.cs</DeclaredIn>
  </Token>
  <Token>
    <TokenIdentifier>
      <Name>AddAthleteMale</Name>
      <APILanguage>csharp</APILanguage>
      <Type>instm</Type>
      <Scope>SS500m</Scope>
    </TokenIdentifier>
    <Path>classSS500m.html</Path>
    <Anchor>a203d2553ba6ae50fc292399aab1920bb</Anchor>
    <DeclaredIn>Class1.cs</DeclaredIn>
  </Token>
  <Token>
    <TokenIdentifier>
      <Name>AddAthleteFemale</Name>
      <APILanguage>csharp</APILanguage>
      <Type>instm</Type>
      <Scope>SS500m</Scope>
    </TokenIdentifier>
    <Path>classSS500m.html</Path>
    <Anchor>a755664a69130dca3b9678aa81f434e93</Anchor>
    <DeclaredIn>Class1.cs</DeclaredIn>
  </Token>
  <Token>
    <TokenIdentifier>
      <Name>Team</Name>
      <APILanguage>csharp</APILanguage>
      <Type>cl</Type>
      <Scope>Team</Scope>
    </TokenIdentifier>
    <Path>classTeam.html</Path>
    <Abstract>Team class to house the team name. </Abstract>
  </Token>
  <Token>
    <TokenIdentifier>
      <Name>Team</Name>
      <APILanguage>csharp</APILanguage>
      <Type>instm</Type>
      <Scope>Team</Scope>
    </TokenIdentifier>
    <Path>classTeam.html</Path>
    <Anchor>ad93bf55f26a13507f328d96ae6d25918</Anchor>
    <DeclaredIn>Class1.cs</DeclaredIn>
  </Token>
  <Token>
    <TokenIdentifier>
      <Name>AddTeam</Name>
      <APILanguage>csharp</APILanguage>
      <Type>instm</Type>
      <Scope>Team</Scope>
    </TokenIdentifier>
    <Path>classTeam.html</Path>
    <Anchor>a057fd5f0d29ee5d92f47b312e0fc6dbf</Anchor>
    <DeclaredIn>Class1.cs</DeclaredIn>
  </Token>
  <Token>
    <TokenIdentifier>
      <Name>DeleteTeam</Name>
      <APILanguage>csharp</APILanguage>
      <Type>instm</Type>
      <Scope>Team</Scope>
    </TokenIdentifier>
    <Path>classTeam.html</Path>
    <Anchor>a6b2ab2e650439bf7b915b3423cf5787f</Anchor>
    <DeclaredIn>Class1.cs</DeclaredIn>
  </Token>
  <Token>
    <TokenIdentifier>
      <Name>countryName</Name>
      <APILanguage>csharp</APILanguage>
      <Type>instp</Type>
      <Scope>Team</Scope>
    </TokenIdentifier>
    <Path>classTeam.html</Path>
    <Anchor>abe0a9396e60ebf155cf10c0700214753</Anchor>
  </Token>
  <Token>
    <TokenIdentifier>
      <Name>PCO</Name>
      <APILanguage>csharp</APILanguage>
      <Type>ns</Type>
      <Scope>PCO</Scope>
    </TokenIdentifier>
    <Path>namespacePCO.html</Path>
  </Token>
  <Token>
    <TokenIdentifier>
      <Name>PCO::_0</Name>
      <APILanguage>csharp</APILanguage>
      <Type>ns</Type>
      <Scope>PCO::_0</Scope>
    </TokenIdentifier>
    <Path>namespacePCO_1_1__0.html</Path>
  </Token>
  <Token>
    <TokenIdentifier>
      <Name>PCO::_0::AthleteForm</Name>
      <APILanguage>csharp</APILanguage>
      <Type>cl</Type>
      <Scope>PCO._0.AthleteForm</Scope>
    </TokenIdentifier>
    <Path>classPCO_1_1__0_1_1AthleteForm.html</Path>
    <Abstract>Registration class for GUI. </Abstract>
  </Token>
  <Token>
    <TokenIdentifier>
      <Name>AthleteForm</Name>
      <APILanguage>csharp</APILanguage>
      <Type>instm</Type>
      <Scope>PCO._0.AthleteForm</Scope>
    </TokenIdentifier>
    <Path>classPCO_1_1__0_1_1AthleteForm.html</Path>
    <Anchor>a3a129c00c114ef80d97231dfa01e2d6f</Anchor>
    <DeclaredIn>Registration.cs</DeclaredIn>
  </Token>
  <Token>
    <TokenIdentifier>
      <Name>Dispose</Name>
      <APILanguage>csharp</APILanguage>
      <Type>instm</Type>
      <Scope>PCO._0.AthleteForm</Scope>
    </TokenIdentifier>
    <Path>classPCO_1_1__0_1_1AthleteForm.html</Path>
    <Anchor>a28a1dc2c4ccd788db94afe809d281df3</Anchor>
    <Abstract>Clean up any resources being used. </Abstract>
    <DeclaredIn>Registration.Designer.cs</DeclaredIn>
  </Token>
  <Token>
    <TokenIdentifier>
      <Name>AthleteForm_Load</Name>
      <APILanguage>csharp</APILanguage>
      <Type>instm</Type>
      <Scope>PCO._0.AthleteForm</Scope>
    </TokenIdentifier>
    <Path>classPCO_1_1__0_1_1AthleteForm.html</Path>
    <Anchor>adb6a10dd23db479964768b71cac7c6e2</Anchor>
    <DeclaredIn>Registration.cs</DeclaredIn>
  </Token>
  <Token>
    <TokenIdentifier>
      <Name>listBox1_SelectedIndexChanged</Name>
      <APILanguage>csharp</APILanguage>
      <Type>instm</Type>
      <Scope>PCO._0.AthleteForm</Scope>
    </TokenIdentifier>
    <Path>classPCO_1_1__0_1_1AthleteForm.html</Path>
    <Anchor>a00446a6a149c1afa1a7c8e4b6b4fc14a</Anchor>
    <DeclaredIn>Registration.cs</DeclaredIn>
  </Token>
  <Token>
    <TokenIdentifier>
      <Name>button1_Click</Name>
      <APILanguage>csharp</APILanguage>
      <Type>instm</Type>
      <Scope>PCO._0.AthleteForm</Scope>
    </TokenIdentifier>
    <Path>classPCO_1_1__0_1_1AthleteForm.html</Path>
    <Anchor>a0ec9eb6075e62e7d5b376b681e171414</Anchor>
    <DeclaredIn>Registration.cs</DeclaredIn>
  </Token>
  <Token>
    <TokenIdentifier>
      <Name>button2_Click</Name>
      <APILanguage>csharp</APILanguage>
      <Type>instm</Type>
      <Scope>PCO._0.AthleteForm</Scope>
    </TokenIdentifier>
    <Path>classPCO_1_1__0_1_1AthleteForm.html</Path>
    <Anchor>aae4000b1be563d683ade5454b2c88349</Anchor>
    <DeclaredIn>Registration.cs</DeclaredIn>
  </Token>
  <Token>
    <TokenIdentifier>
      <Name>button3_Click</Name>
      <APILanguage>csharp</APILanguage>
      <Type>instm</Type>
      <Scope>PCO._0.AthleteForm</Scope>
    </TokenIdentifier>
    <Path>classPCO_1_1__0_1_1AthleteForm.html</Path>
    <Anchor>afb260385ed6476b844cdc357bf11df25</Anchor>
    <DeclaredIn>Registration.cs</DeclaredIn>
  </Token>
  <Token>
    <TokenIdentifier>
      <Name>InitializeComponent</Name>
      <APILanguage>csharp</APILanguage>
      <Type>instm</Type>
      <Scope>PCO._0.AthleteForm</Scope>
    </TokenIdentifier>
    <Path>classPCO_1_1__0_1_1AthleteForm.html</Path>
    <Anchor>aa5ce4e96e22a27bed4a483bb549c2619</Anchor>
    <Abstract>Required method for Designer support - do not modify the contents of this method with the code editor...</Abstract>
    <DeclaredIn>Registration.Designer.cs</DeclaredIn>
  </Token>
  <Token>
    <TokenIdentifier>
      <Name>components</Name>
      <APILanguage>csharp</APILanguage>
      <Type>data</Type>
      <Scope>PCO._0.AthleteForm</Scope>
    </TokenIdentifier>
    <Path>classPCO_1_1__0_1_1AthleteForm.html</Path>
    <Anchor>a1f16b28e2014bb3d3819173c19fba17e</Anchor>
    <Abstract>Required designer variable. </Abstract>
  </Token>
  <Token>
    <TokenIdentifier>
      <Name>textBox1</Name>
      <APILanguage>csharp</APILanguage>
      <Type>data</Type>
      <Scope>PCO._0.AthleteForm</Scope>
    </TokenIdentifier>
    <Path>classPCO_1_1__0_1_1AthleteForm.html</Path>
    <Anchor>a1e440213d1900de946894fdff1854cd0</Anchor>
  </Token>
  <Token>
    <TokenIdentifier>
      <Name>label1</Name>
      <APILanguage>csharp</APILanguage>
      <Type>data</Type>
      <Scope>PCO._0.AthleteForm</Scope>
    </TokenIdentifier>
    <Path>classPCO_1_1__0_1_1AthleteForm.html</Path>
    <Anchor>abe2a3d915a0c7b22f4f5b81230ad8278</Anchor>
  </Token>
  <Token>
    <TokenIdentifier>
      <Name>textBox2</Name>
      <APILanguage>csharp</APILanguage>
      <Type>data</Type>
      <Scope>PCO._0.AthleteForm</Scope>
    </TokenIdentifier>
    <Path>classPCO_1_1__0_1_1AthleteForm.html</Path>
    <Anchor>a2099ea4a6adbe82e58e924892ba3154d</Anchor>
  </Token>
  <Token>
    <TokenIdentifier>
      <Name>label2</Name>
      <APILanguage>csharp</APILanguage>
      <Type>data</Type>
      <Scope>PCO._0.AthleteForm</Scope>
    </TokenIdentifier>
    <Path>classPCO_1_1__0_1_1AthleteForm.html</Path>
    <Anchor>af0c25b3c3b035069efd110610a46e91c</Anchor>
  </Token>
  <Token>
    <TokenIdentifier>
      <Name>listBox1</Name>
      <APILanguage>csharp</APILanguage>
      <Type>data</Type>
      <Scope>PCO._0.AthleteForm</Scope>
    </TokenIdentifier>
    <Path>classPCO_1_1__0_1_1AthleteForm.html</Path>
    <Anchor>a0564d30b38ba13222cf51a999a972421</Anchor>
  </Token>
  <Token>
    <TokenIdentifier>
      <Name>label4</Name>
      <APILanguage>csharp</APILanguage>
      <Type>data</Type>
      <Scope>PCO._0.AthleteForm</Scope>
    </TokenIdentifier>
    <Path>classPCO_1_1__0_1_1AthleteForm.html</Path>
    <Anchor>a8a41e84122bfaf6f2aecc58f2f016e83</Anchor>
  </Token>
  <Token>
    <TokenIdentifier>
      <Name>dataGridView1</Name>
      <APILanguage>csharp</APILanguage>
      <Type>data</Type>
      <Scope>PCO._0.AthleteForm</Scope>
    </TokenIdentifier>
    <Path>classPCO_1_1__0_1_1AthleteForm.html</Path>
    <Anchor>ae32ac29356b096ba9f5e22ba20b58348</Anchor>
  </Token>
  <Token>
    <TokenIdentifier>
      <Name>button1</Name>
      <APILanguage>csharp</APILanguage>
      <Type>data</Type>
      <Scope>PCO._0.AthleteForm</Scope>
    </TokenIdentifier>
    <Path>classPCO_1_1__0_1_1AthleteForm.html</Path>
    <Anchor>acabccda502389ae2d4d220140b058b79</Anchor>
  </Token>
  <Token>
    <TokenIdentifier>
      <Name>label5</Name>
      <APILanguage>csharp</APILanguage>
      <Type>data</Type>
      <Scope>PCO._0.AthleteForm</Scope>
    </TokenIdentifier>
    <Path>classPCO_1_1__0_1_1AthleteForm.html</Path>
    <Anchor>a916d83226b3339f4c9f084b225e5c4f2</Anchor>
  </Token>
  <Token>
    <TokenIdentifier>
      <Name>dataGridView2</Name>
      <APILanguage>csharp</APILanguage>
      <Type>data</Type>
      <Scope>PCO._0.AthleteForm</Scope>
    </TokenIdentifier>
    <Path>classPCO_1_1__0_1_1AthleteForm.html</Path>
    <Anchor>a7f4664bac19be7add32755591473e803</Anchor>
  </Token>
  <Token>
    <TokenIdentifier>
      <Name>label6</Name>
      <APILanguage>csharp</APILanguage>
      <Type>data</Type>
      <Scope>PCO._0.AthleteForm</Scope>
    </TokenIdentifier>
    <Path>classPCO_1_1__0_1_1AthleteForm.html</Path>
    <Anchor>a9d417f399c88183f59ea21d20f0ecf6f</Anchor>
  </Token>
  <Token>
    <TokenIdentifier>
      <Name>label3</Name>
      <APILanguage>csharp</APILanguage>
      <Type>data</Type>
      <Scope>PCO._0.AthleteForm</Scope>
    </TokenIdentifier>
    <Path>classPCO_1_1__0_1_1AthleteForm.html</Path>
    <Anchor>a06304d0926cac7dffedc7e77cd224555</Anchor>
  </Token>
  <Token>
    <TokenIdentifier>
      <Name>label7</Name>
      <APILanguage>csharp</APILanguage>
      <Type>data</Type>
      <Scope>PCO._0.AthleteForm</Scope>
    </TokenIdentifier>
    <Path>classPCO_1_1__0_1_1AthleteForm.html</Path>
    <Anchor>ae3cc01074736dd8511ca37fbd2ac55e4</Anchor>
  </Token>
  <Token>
    <TokenIdentifier>
      <Name>button2</Name>
      <APILanguage>csharp</APILanguage>
      <Type>data</Type>
      <Scope>PCO._0.AthleteForm</Scope>
    </TokenIdentifier>
    <Path>classPCO_1_1__0_1_1AthleteForm.html</Path>
    <Anchor>a7c8166ff30baadd6cb0c281cd8308e30</Anchor>
  </Token>
  <Token>
    <TokenIdentifier>
      <Name>button3</Name>
      <APILanguage>csharp</APILanguage>
      <Type>data</Type>
      <Scope>PCO._0.AthleteForm</Scope>
    </TokenIdentifier>
    <Path>classPCO_1_1__0_1_1AthleteForm.html</Path>
    <Anchor>a6dc6a58f8577a62db3b3b767ddcb5b04</Anchor>
  </Token>
  <Token>
    <TokenIdentifier>
      <Name>label8</Name>
      <APILanguage>csharp</APILanguage>
      <Type>data</Type>
      <Scope>PCO._0.AthleteForm</Scope>
    </TokenIdentifier>
    <Path>classPCO_1_1__0_1_1AthleteForm.html</Path>
    <Anchor>a1813ffa0b4fd481ad8934a606ed413d6</Anchor>
  </Token>
  <Token>
    <TokenIdentifier>
      <Name>label9</Name>
      <APILanguage>csharp</APILanguage>
      <Type>data</Type>
      <Scope>PCO._0.AthleteForm</Scope>
    </TokenIdentifier>
    <Path>classPCO_1_1__0_1_1AthleteForm.html</Path>
    <Anchor>ad04e7a32bf0bd1ea170cd962becc8c94</Anchor>
  </Token>
  <Token>
    <TokenIdentifier>
      <Name>PCO::_0::Display</Name>
      <APILanguage>csharp</APILanguage>
      <Type>cl</Type>
      <Scope>PCO._0.Display</Scope>
    </TokenIdentifier>
    <Path>classPCO_1_1__0_1_1Display.html</Path>
    <Abstract>Display class for GUI. </Abstract>
  </Token>
  <Token>
    <TokenIdentifier>
      <Name>Display</Name>
      <APILanguage>csharp</APILanguage>
      <Type>instm</Type>
      <Scope>PCO._0.Display</Scope>
    </TokenIdentifier>
    <Path>classPCO_1_1__0_1_1Display.html</Path>
    <Anchor>a4f14e8f662deb892a2c07dc78da701dc</Anchor>
    <DeclaredIn>Display.cs</DeclaredIn>
  </Token>
  <Token>
    <TokenIdentifier>
      <Name>Dispose</Name>
      <APILanguage>csharp</APILanguage>
      <Type>instm</Type>
      <Scope>PCO._0.Display</Scope>
    </TokenIdentifier>
    <Path>classPCO_1_1__0_1_1Display.html</Path>
    <Anchor>aeec182b8e0272728a07deb3245fb3ef2</Anchor>
    <Abstract>Clean up any resources being used. </Abstract>
    <DeclaredIn>Display.Designer.cs</DeclaredIn>
  </Token>
  <Token>
    <TokenIdentifier>
      <Name>Form6_Load</Name>
      <APILanguage>csharp</APILanguage>
      <Type>instm</Type>
      <Scope>PCO._0.Display</Scope>
    </TokenIdentifier>
    <Path>classPCO_1_1__0_1_1Display.html</Path>
    <Anchor>aa37caaa188d791b95b8d79dc1bbc953e</Anchor>
    <DeclaredIn>Display.cs</DeclaredIn>
  </Token>
  <Token>
    <TokenIdentifier>
      <Name>listBox1_SelectedIndexChanged</Name>
      <APILanguage>csharp</APILanguage>
      <Type>instm</Type>
      <Scope>PCO._0.Display</Scope>
    </TokenIdentifier>
    <Path>classPCO_1_1__0_1_1Display.html</Path>
    <Anchor>a79a83d7954cbce514cdaa8336a5af2b8</Anchor>
    <DeclaredIn>Display.cs</DeclaredIn>
  </Token>
  <Token>
    <TokenIdentifier>
      <Name>InitializeComponent</Name>
      <APILanguage>csharp</APILanguage>
      <Type>instm</Type>
      <Scope>PCO._0.Display</Scope>
    </TokenIdentifier>
    <Path>classPCO_1_1__0_1_1Display.html</Path>
    <Anchor>a4c56052f9f51cbdff10fcb1a4d55f750</Anchor>
    <Abstract>Required method for Designer support - do not modify the contents of this method with the code editor...</Abstract>
    <DeclaredIn>Display.Designer.cs</DeclaredIn>
  </Token>
  <Token>
    <TokenIdentifier>
      <Name>components</Name>
      <APILanguage>csharp</APILanguage>
      <Type>data</Type>
      <Scope>PCO._0.Display</Scope>
    </TokenIdentifier>
    <Path>classPCO_1_1__0_1_1Display.html</Path>
    <Anchor>a85da09902d8b1e0f454a66ad815d6090</Anchor>
    <Abstract>Required designer variable. </Abstract>
  </Token>
  <Token>
    <TokenIdentifier>
      <Name>dataGridView1</Name>
      <APILanguage>csharp</APILanguage>
      <Type>data</Type>
      <Scope>PCO._0.Display</Scope>
    </TokenIdentifier>
    <Path>classPCO_1_1__0_1_1Display.html</Path>
    <Anchor>a6ce931b1d769166bae50e36dd725f25b</Anchor>
  </Token>
  <Token>
    <TokenIdentifier>
      <Name>MedalCount</Name>
      <APILanguage>csharp</APILanguage>
      <Type>data</Type>
      <Scope>PCO._0.Display</Scope>
    </TokenIdentifier>
    <Path>classPCO_1_1__0_1_1Display.html</Path>
    <Anchor>adce8cb6a82a4b034fe3b85f2192a0176</Anchor>
  </Token>
  <Token>
    <TokenIdentifier>
      <Name>PCO::_0::Form1</Name>
      <APILanguage>csharp</APILanguage>
      <Type>cl</Type>
      <Scope>PCO._0.Form1</Scope>
    </TokenIdentifier>
    <Path>classPCO_1_1__0_1_1Form1.html</Path>
    <Abstract>Main Screen class for GUI. </Abstract>
  </Token>
  <Token>
    <TokenIdentifier>
      <Name>Form1</Name>
      <APILanguage>csharp</APILanguage>
      <Type>instm</Type>
      <Scope>PCO._0.Form1</Scope>
    </TokenIdentifier>
    <Path>classPCO_1_1__0_1_1Form1.html</Path>
    <Anchor>a70fd4d599a7d0db69c4ffd802816ebeb</Anchor>
    <DeclaredIn>Form1.cs</DeclaredIn>
  </Token>
  <Token>
    <TokenIdentifier>
      <Name>Dispose</Name>
      <APILanguage>csharp</APILanguage>
      <Type>instm</Type>
      <Scope>PCO._0.Form1</Scope>
    </TokenIdentifier>
    <Path>classPCO_1_1__0_1_1Form1.html</Path>
    <Anchor>ad3d7e394a984eb802f4ce2bbda31ee62</Anchor>
    <Abstract>Clean up any resources being used. </Abstract>
    <DeclaredIn>Form1.Designer.cs</DeclaredIn>
  </Token>
  <Token>
    <TokenIdentifier>
      <Name>Form1_Load</Name>
      <APILanguage>csharp</APILanguage>
      <Type>instm</Type>
      <Scope>PCO._0.Form1</Scope>
    </TokenIdentifier>
    <Path>classPCO_1_1__0_1_1Form1.html</Path>
    <Anchor>ad0b73303308d064881f00e8b0f6db48c</Anchor>
    <DeclaredIn>Form1.cs</DeclaredIn>
  </Token>
  <Token>
    <TokenIdentifier>
      <Name>button1_Click</Name>
      <APILanguage>csharp</APILanguage>
      <Type>instm</Type>
      <Scope>PCO._0.Form1</Scope>
    </TokenIdentifier>
    <Path>classPCO_1_1__0_1_1Form1.html</Path>
    <Anchor>a9c714d75d45575cd760778906b458a75</Anchor>
    <DeclaredIn>Form1.cs</DeclaredIn>
  </Token>
  <Token>
    <TokenIdentifier>
      <Name>button2_Click</Name>
      <APILanguage>csharp</APILanguage>
      <Type>instm</Type>
      <Scope>PCO._0.Form1</Scope>
    </TokenIdentifier>
    <Path>classPCO_1_1__0_1_1Form1.html</Path>
    <Anchor>a6324540487e979b07fb0ab76ba67e7fc</Anchor>
    <DeclaredIn>Form1.cs</DeclaredIn>
  </Token>
  <Token>
    <TokenIdentifier>
      <Name>button5_Click</Name>
      <APILanguage>csharp</APILanguage>
      <Type>instm</Type>
      <Scope>PCO._0.Form1</Scope>
    </TokenIdentifier>
    <Path>classPCO_1_1__0_1_1Form1.html</Path>
    <Anchor>a6654d9632be04dacf3e2d4473f209a28</Anchor>
    <DeclaredIn>Form1.cs</DeclaredIn>
  </Token>
  <Token>
    <TokenIdentifier>
      <Name>button3_Click</Name>
      <APILanguage>csharp</APILanguage>
      <Type>instm</Type>
      <Scope>PCO._0.Form1</Scope>
    </TokenIdentifier>
    <Path>classPCO_1_1__0_1_1Form1.html</Path>
    <Anchor>a1a9e0a8f7287ca33a074a1c14b358252</Anchor>
    <DeclaredIn>Form1.cs</DeclaredIn>
  </Token>
  <Token>
    <TokenIdentifier>
      <Name>button4_Click</Name>
      <APILanguage>csharp</APILanguage>
      <Type>instm</Type>
      <Scope>PCO._0.Form1</Scope>
    </TokenIdentifier>
    <Path>classPCO_1_1__0_1_1Form1.html</Path>
    <Anchor>ae8703ead38c86560e75a2754a8fd2ca0</Anchor>
    <DeclaredIn>Form1.cs</DeclaredIn>
  </Token>
  <Token>
    <TokenIdentifier>
      <Name>InitializeComponent</Name>
      <APILanguage>csharp</APILanguage>
      <Type>instm</Type>
      <Scope>PCO._0.Form1</Scope>
    </TokenIdentifier>
    <Path>classPCO_1_1__0_1_1Form1.html</Path>
    <Anchor>a27fd22008e6d99921f9e193bd4d05c14</Anchor>
    <Abstract>Required method for Designer support - do not modify the contents of this method with the code editor...</Abstract>
    <DeclaredIn>Form1.Designer.cs</DeclaredIn>
  </Token>
  <Token>
    <TokenIdentifier>
      <Name>components</Name>
      <APILanguage>csharp</APILanguage>
      <Type>data</Type>
      <Scope>PCO._0.Form1</Scope>
    </TokenIdentifier>
    <Path>classPCO_1_1__0_1_1Form1.html</Path>
    <Anchor>a614991e9397c076be2839e7021dc2f52</Anchor>
    <Abstract>Required designer variable. </Abstract>
  </Token>
  <Token>
    <TokenIdentifier>
      <Name>button1</Name>
      <APILanguage>csharp</APILanguage>
      <Type>data</Type>
      <Scope>PCO._0.Form1</Scope>
    </TokenIdentifier>
    <Path>classPCO_1_1__0_1_1Form1.html</Path>
    <Anchor>af3e0364451a4d42b57d6e88d9b228b76</Anchor>
  </Token>
  <Token>
    <TokenIdentifier>
      <Name>button2</Name>
      <APILanguage>csharp</APILanguage>
      <Type>data</Type>
      <Scope>PCO._0.Form1</Scope>
    </TokenIdentifier>
    <Path>classPCO_1_1__0_1_1Form1.html</Path>
    <Anchor>a7fae69d92446bd162912641481525170</Anchor>
  </Token>
  <Token>
    <TokenIdentifier>
      <Name>button3</Name>
      <APILanguage>csharp</APILanguage>
      <Type>data</Type>
      <Scope>PCO._0.Form1</Scope>
    </TokenIdentifier>
    <Path>classPCO_1_1__0_1_1Form1.html</Path>
    <Anchor>a99473f0eda59346164d688a87a891ed1</Anchor>
  </Token>
  <Token>
    <TokenIdentifier>
      <Name>button4</Name>
      <APILanguage>csharp</APILanguage>
      <Type>data</Type>
      <Scope>PCO._0.Form1</Scope>
    </TokenIdentifier>
    <Path>classPCO_1_1__0_1_1Form1.html</Path>
    <Anchor>a9ec1aecf37436e397b2812daad187c79</Anchor>
  </Token>
  <Token>
    <TokenIdentifier>
      <Name>label1</Name>
      <APILanguage>csharp</APILanguage>
      <Type>data</Type>
      <Scope>PCO._0.Form1</Scope>
    </TokenIdentifier>
    <Path>classPCO_1_1__0_1_1Form1.html</Path>
    <Anchor>a7e49f562daa78670a4cc691f2f2cd311</Anchor>
  </Token>
  <Token>
    <TokenIdentifier>
      <Name>label2</Name>
      <APILanguage>csharp</APILanguage>
      <Type>data</Type>
      <Scope>PCO._0.Form1</Scope>
    </TokenIdentifier>
    <Path>classPCO_1_1__0_1_1Form1.html</Path>
    <Anchor>a559c2f693a93d22068d3e3cbe02f9ff2</Anchor>
  </Token>
  <Token>
    <TokenIdentifier>
      <Name>label3</Name>
      <APILanguage>csharp</APILanguage>
      <Type>data</Type>
      <Scope>PCO._0.Form1</Scope>
    </TokenIdentifier>
    <Path>classPCO_1_1__0_1_1Form1.html</Path>
    <Anchor>a10a68bb406aeae6edee2ebca3f3e2795</Anchor>
  </Token>
  <Token>
    <TokenIdentifier>
      <Name>label4</Name>
      <APILanguage>csharp</APILanguage>
      <Type>data</Type>
      <Scope>PCO._0.Form1</Scope>
    </TokenIdentifier>
    <Path>classPCO_1_1__0_1_1Form1.html</Path>
    <Anchor>aa13c9160937ae7c6bd69f4cb984674e1</Anchor>
  </Token>
  <Token>
    <TokenIdentifier>
      <Name>label5</Name>
      <APILanguage>csharp</APILanguage>
      <Type>data</Type>
      <Scope>PCO._0.Form1</Scope>
    </TokenIdentifier>
    <Path>classPCO_1_1__0_1_1Form1.html</Path>
    <Anchor>a617d8ed5e91d6d0827eff324fcf30292</Anchor>
  </Token>
  <Token>
    <TokenIdentifier>
      <Name>button5</Name>
      <APILanguage>csharp</APILanguage>
      <Type>data</Type>
      <Scope>PCO._0.Form1</Scope>
    </TokenIdentifier>
    <Path>classPCO_1_1__0_1_1Form1.html</Path>
    <Anchor>a336a0f6934f9cb5f9d3fbb050849030f</Anchor>
  </Token>
  <Token>
    <TokenIdentifier>
      <Name>PCO::_0::RegisterEventForm</Name>
      <APILanguage>csharp</APILanguage>
      <Type>cl</Type>
      <Scope>PCO._0.RegisterEventForm</Scope>
    </TokenIdentifier>
    <Path>classPCO_1_1__0_1_1RegisterEventForm.html</Path>
    <Abstract>Register Event class for GUI. </Abstract>
  </Token>
  <Token>
    <TokenIdentifier>
      <Name>RegisterEventForm</Name>
      <APILanguage>csharp</APILanguage>
      <Type>instm</Type>
      <Scope>PCO._0.RegisterEventForm</Scope>
    </TokenIdentifier>
    <Path>classPCO_1_1__0_1_1RegisterEventForm.html</Path>
    <Anchor>ad07130f7efb6992bcbf2985aa47c03f7</Anchor>
    <DeclaredIn>Event.cs</DeclaredIn>
  </Token>
  <Token>
    <TokenIdentifier>
      <Name>Dispose</Name>
      <APILanguage>csharp</APILanguage>
      <Type>instm</Type>
      <Scope>PCO._0.RegisterEventForm</Scope>
    </TokenIdentifier>
    <Path>classPCO_1_1__0_1_1RegisterEventForm.html</Path>
    <Anchor>a0ae9bae95772a971a0a1965e912d1570</Anchor>
    <Abstract>Clean up any resources being used. </Abstract>
    <DeclaredIn>Event.Designer.cs</DeclaredIn>
  </Token>
  <Token>
    <TokenIdentifier>
      <Name>RegisterEventForm_Load</Name>
      <APILanguage>csharp</APILanguage>
      <Type>instm</Type>
      <Scope>PCO._0.RegisterEventForm</Scope>
    </TokenIdentifier>
    <Path>classPCO_1_1__0_1_1RegisterEventForm.html</Path>
    <Anchor>aae3e83a77c3537a8adb5b44bce257941</Anchor>
    <DeclaredIn>Event.cs</DeclaredIn>
  </Token>
  <Token>
    <TokenIdentifier>
      <Name>button1_Click</Name>
      <APILanguage>csharp</APILanguage>
      <Type>instm</Type>
      <Scope>PCO._0.RegisterEventForm</Scope>
    </TokenIdentifier>
    <Path>classPCO_1_1__0_1_1RegisterEventForm.html</Path>
    <Anchor>a70763d4e3b7bff428a1465a3a71be63e</Anchor>
    <DeclaredIn>Event.cs</DeclaredIn>
  </Token>
  <Token>
    <TokenIdentifier>
      <Name>button3_Click</Name>
      <APILanguage>csharp</APILanguage>
      <Type>instm</Type>
      <Scope>PCO._0.RegisterEventForm</Scope>
    </TokenIdentifier>
    <Path>classPCO_1_1__0_1_1RegisterEventForm.html</Path>
    <Anchor>a9d96ca1066a03fde9504b3b526bec3c9</Anchor>
    <DeclaredIn>Event.cs</DeclaredIn>
  </Token>
  <Token>
    <TokenIdentifier>
      <Name>listBox1_SelectedIndexChanged</Name>
      <APILanguage>csharp</APILanguage>
      <Type>instm</Type>
      <Scope>PCO._0.RegisterEventForm</Scope>
    </TokenIdentifier>
    <Path>classPCO_1_1__0_1_1RegisterEventForm.html</Path>
    <Anchor>a1f2a9979dc0f8c7268fc03f9886c7a2a</Anchor>
    <DeclaredIn>Event.cs</DeclaredIn>
  </Token>
  <Token>
    <TokenIdentifier>
      <Name>button2_Click</Name>
      <APILanguage>csharp</APILanguage>
      <Type>instm</Type>
      <Scope>PCO._0.RegisterEventForm</Scope>
    </TokenIdentifier>
    <Path>classPCO_1_1__0_1_1RegisterEventForm.html</Path>
    <Anchor>abbd7cfbf7df74e7c257c370eff4bd3f8</Anchor>
    <DeclaredIn>Event.cs</DeclaredIn>
  </Token>
  <Token>
    <TokenIdentifier>
      <Name>button4_Click</Name>
      <APILanguage>csharp</APILanguage>
      <Type>instm</Type>
      <Scope>PCO._0.RegisterEventForm</Scope>
    </TokenIdentifier>
    <Path>classPCO_1_1__0_1_1RegisterEventForm.html</Path>
    <Anchor>acbfb155a6a0a01796531fee016790c9a</Anchor>
    <DeclaredIn>Event.cs</DeclaredIn>
  </Token>
  <Token>
    <TokenIdentifier>
      <Name>InitializeComponent</Name>
      <APILanguage>csharp</APILanguage>
      <Type>instm</Type>
      <Scope>PCO._0.RegisterEventForm</Scope>
    </TokenIdentifier>
    <Path>classPCO_1_1__0_1_1RegisterEventForm.html</Path>
    <Anchor>a86205dc5856bd764865a4ee455f0aae9</Anchor>
    <Abstract>Required method for Designer support - do not modify the contents of this method with the code editor...</Abstract>
    <DeclaredIn>Event.Designer.cs</DeclaredIn>
  </Token>
  <Token>
    <TokenIdentifier>
      <Name>components</Name>
      <APILanguage>csharp</APILanguage>
      <Type>data</Type>
      <Scope>PCO._0.RegisterEventForm</Scope>
    </TokenIdentifier>
    <Path>classPCO_1_1__0_1_1RegisterEventForm.html</Path>
    <Anchor>a74923b3f8c64b3221e31005393942d4b</Anchor>
    <Abstract>Required designer variable. </Abstract>
  </Token>
  <Token>
    <TokenIdentifier>
      <Name>button1</Name>
      <APILanguage>csharp</APILanguage>
      <Type>data</Type>
      <Scope>PCO._0.RegisterEventForm</Scope>
    </TokenIdentifier>
    <Path>classPCO_1_1__0_1_1RegisterEventForm.html</Path>
    <Anchor>ad03ef1b81269d53e21cd908c97a4ba88</Anchor>
  </Token>
  <Token>
    <TokenIdentifier>
      <Name>dataGridView1</Name>
      <APILanguage>csharp</APILanguage>
      <Type>data</Type>
      <Scope>PCO._0.RegisterEventForm</Scope>
    </TokenIdentifier>
    <Path>classPCO_1_1__0_1_1RegisterEventForm.html</Path>
    <Anchor>ae7e8ab321760d7d8e5576c2fb4997c67</Anchor>
  </Token>
  <Token>
    <TokenIdentifier>
      <Name>label1</Name>
      <APILanguage>csharp</APILanguage>
      <Type>data</Type>
      <Scope>PCO._0.RegisterEventForm</Scope>
    </TokenIdentifier>
    <Path>classPCO_1_1__0_1_1RegisterEventForm.html</Path>
    <Anchor>a33de43a0ef115a2e496be92676029fb7</Anchor>
  </Token>
  <Token>
    <TokenIdentifier>
      <Name>listBox1</Name>
      <APILanguage>csharp</APILanguage>
      <Type>data</Type>
      <Scope>PCO._0.RegisterEventForm</Scope>
    </TokenIdentifier>
    <Path>classPCO_1_1__0_1_1RegisterEventForm.html</Path>
    <Anchor>abb9877d3121bf3c5e7fb0e63d63c4880</Anchor>
  </Token>
  <Token>
    <TokenIdentifier>
      <Name>label2</Name>
      <APILanguage>csharp</APILanguage>
      <Type>data</Type>
      <Scope>PCO._0.RegisterEventForm</Scope>
    </TokenIdentifier>
    <Path>classPCO_1_1__0_1_1RegisterEventForm.html</Path>
    <Anchor>a6b8bfafaa0944d0aa0b72a91eebb2a1b</Anchor>
  </Token>
  <Token>
    <TokenIdentifier>
      <Name>label3</Name>
      <APILanguage>csharp</APILanguage>
      <Type>data</Type>
      <Scope>PCO._0.RegisterEventForm</Scope>
    </TokenIdentifier>
    <Path>classPCO_1_1__0_1_1RegisterEventForm.html</Path>
    <Anchor>abe6115c6fe60e2f78832b7927c3b7c53</Anchor>
  </Token>
  <Token>
    <TokenIdentifier>
      <Name>dataGridView2</Name>
      <APILanguage>csharp</APILanguage>
      <Type>data</Type>
      <Scope>PCO._0.RegisterEventForm</Scope>
    </TokenIdentifier>
    <Path>classPCO_1_1__0_1_1RegisterEventForm.html</Path>
    <Anchor>ac65bdd45c05f09fe9ea063acb5f50a87</Anchor>
  </Token>
  <Token>
    <TokenIdentifier>
      <Name>label4</Name>
      <APILanguage>csharp</APILanguage>
      <Type>data</Type>
      <Scope>PCO._0.RegisterEventForm</Scope>
    </TokenIdentifier>
    <Path>classPCO_1_1__0_1_1RegisterEventForm.html</Path>
    <Anchor>a1c09d5156913257b2e9f20aec80003c5</Anchor>
  </Token>
  <Token>
    <TokenIdentifier>
      <Name>label6</Name>
      <APILanguage>csharp</APILanguage>
      <Type>data</Type>
      <Scope>PCO._0.RegisterEventForm</Scope>
    </TokenIdentifier>
    <Path>classPCO_1_1__0_1_1RegisterEventForm.html</Path>
    <Anchor>a3f48b3282180f7d832e660f2b26dcf74</Anchor>
  </Token>
  <Token>
    <TokenIdentifier>
      <Name>button3</Name>
      <APILanguage>csharp</APILanguage>
      <Type>data</Type>
      <Scope>PCO._0.RegisterEventForm</Scope>
    </TokenIdentifier>
    <Path>classPCO_1_1__0_1_1RegisterEventForm.html</Path>
    <Anchor>ad060b09ffb4cc57342e0c792eeb6d26f</Anchor>
  </Token>
  <Token>
    <TokenIdentifier>
      <Name>dataGridView3</Name>
      <APILanguage>csharp</APILanguage>
      <Type>data</Type>
      <Scope>PCO._0.RegisterEventForm</Scope>
    </TokenIdentifier>
    <Path>classPCO_1_1__0_1_1RegisterEventForm.html</Path>
    <Anchor>afa7b61b2882e2e3eed3e2bcb5bfa3757</Anchor>
  </Token>
  <Token>
    <TokenIdentifier>
      <Name>label5</Name>
      <APILanguage>csharp</APILanguage>
      <Type>data</Type>
      <Scope>PCO._0.RegisterEventForm</Scope>
    </TokenIdentifier>
    <Path>classPCO_1_1__0_1_1RegisterEventForm.html</Path>
    <Anchor>af2a7d9b72541685938323c22c5f195f9</Anchor>
  </Token>
  <Token>
    <TokenIdentifier>
      <Name>button2</Name>
      <APILanguage>csharp</APILanguage>
      <Type>data</Type>
      <Scope>PCO._0.RegisterEventForm</Scope>
    </TokenIdentifier>
    <Path>classPCO_1_1__0_1_1RegisterEventForm.html</Path>
    <Anchor>a8aafbb08d70f404ebfa79f3f450702c4</Anchor>
  </Token>
  <Token>
    <TokenIdentifier>
      <Name>button4</Name>
      <APILanguage>csharp</APILanguage>
      <Type>data</Type>
      <Scope>PCO._0.RegisterEventForm</Scope>
    </TokenIdentifier>
    <Path>classPCO_1_1__0_1_1RegisterEventForm.html</Path>
    <Anchor>a38296d81242a0466bcd44b7240cc5859</Anchor>
  </Token>
  <Token>
    <TokenIdentifier>
      <Name>label7</Name>
      <APILanguage>csharp</APILanguage>
      <Type>data</Type>
      <Scope>PCO._0.RegisterEventForm</Scope>
    </TokenIdentifier>
    <Path>classPCO_1_1__0_1_1RegisterEventForm.html</Path>
    <Anchor>a28576032dca99f0668fcdef4ff2c1c5f</Anchor>
  </Token>
  <Token>
    <TokenIdentifier>
      <Name>label8</Name>
      <APILanguage>csharp</APILanguage>
      <Type>data</Type>
      <Scope>PCO._0.RegisterEventForm</Scope>
    </TokenIdentifier>
    <Path>classPCO_1_1__0_1_1RegisterEventForm.html</Path>
    <Anchor>a44873bdda95c312ccae54bab65f1ee5e</Anchor>
  </Token>
  <Token>
    <TokenIdentifier>
      <Name>PCO::_0::ScoringForm</Name>
      <APILanguage>csharp</APILanguage>
      <Type>cl</Type>
      <Scope>PCO._0.ScoringForm</Scope>
    </TokenIdentifier>
    <Path>classPCO_1_1__0_1_1ScoringForm.html</Path>
    <Abstract>Scoring class for GUI. </Abstract>
  </Token>
  <Token>
    <TokenIdentifier>
      <Name>ScoringForm</Name>
      <APILanguage>csharp</APILanguage>
      <Type>instm</Type>
      <Scope>PCO._0.ScoringForm</Scope>
    </TokenIdentifier>
    <Path>classPCO_1_1__0_1_1ScoringForm.html</Path>
    <Anchor>a853a6e4da6db5226f7536cee2faad9d0</Anchor>
    <DeclaredIn>Judge.cs</DeclaredIn>
  </Token>
  <Token>
    <TokenIdentifier>
      <Name>Dispose</Name>
      <APILanguage>csharp</APILanguage>
      <Type>instm</Type>
      <Scope>PCO._0.ScoringForm</Scope>
    </TokenIdentifier>
    <Path>classPCO_1_1__0_1_1ScoringForm.html</Path>
    <Anchor>aba931e2b82e00f2143ce9c1a19f84986</Anchor>
    <Abstract>Clean up any resources being used. </Abstract>
    <DeclaredIn>Judge.Designer.cs</DeclaredIn>
  </Token>
  <Token>
    <TokenIdentifier>
      <Name>Form5_Load</Name>
      <APILanguage>csharp</APILanguage>
      <Type>instm</Type>
      <Scope>PCO._0.ScoringForm</Scope>
    </TokenIdentifier>
    <Path>classPCO_1_1__0_1_1ScoringForm.html</Path>
    <Anchor>a58f4b35c1ec7a0f9480d832f50778891</Anchor>
    <DeclaredIn>Judge.cs</DeclaredIn>
  </Token>
  <Token>
    <TokenIdentifier>
      <Name>listBox1_SelectedIndexChanged</Name>
      <APILanguage>csharp</APILanguage>
      <Type>instm</Type>
      <Scope>PCO._0.ScoringForm</Scope>
    </TokenIdentifier>
    <Path>classPCO_1_1__0_1_1ScoringForm.html</Path>
    <Anchor>a8600f55a40dd6b69fc8d455b027c96b7</Anchor>
    <DeclaredIn>Judge.cs</DeclaredIn>
  </Token>
  <Token>
    <TokenIdentifier>
      <Name>button1_Click</Name>
      <APILanguage>csharp</APILanguage>
      <Type>instm</Type>
      <Scope>PCO._0.ScoringForm</Scope>
    </TokenIdentifier>
    <Path>classPCO_1_1__0_1_1ScoringForm.html</Path>
    <Anchor>ac1be33466917df2d76628a4d302df722</Anchor>
    <DeclaredIn>Judge.cs</DeclaredIn>
  </Token>
  <Token>
    <TokenIdentifier>
      <Name>dataGridView1_CellContentClick</Name>
      <APILanguage>csharp</APILanguage>
      <Type>instm</Type>
      <Scope>PCO._0.ScoringForm</Scope>
    </TokenIdentifier>
    <Path>classPCO_1_1__0_1_1ScoringForm.html</Path>
    <Anchor>a7af8b812ae42aec0accb3c2760835a69</Anchor>
    <DeclaredIn>Judge.cs</DeclaredIn>
  </Token>
  <Token>
    <TokenIdentifier>
      <Name>button2_Click</Name>
      <APILanguage>csharp</APILanguage>
      <Type>instm</Type>
      <Scope>PCO._0.ScoringForm</Scope>
    </TokenIdentifier>
    <Path>classPCO_1_1__0_1_1ScoringForm.html</Path>
    <Anchor>a21264de2ba76e68e25c938d893ab8f6d</Anchor>
    <DeclaredIn>Judge.cs</DeclaredIn>
  </Token>
  <Token>
    <TokenIdentifier>
      <Name>button3_Click</Name>
      <APILanguage>csharp</APILanguage>
      <Type>instm</Type>
      <Scope>PCO._0.ScoringForm</Scope>
    </TokenIdentifier>
    <Path>classPCO_1_1__0_1_1ScoringForm.html</Path>
    <Anchor>aa05835d3b4c0eeecf783e6ef08c8a41e</Anchor>
    <DeclaredIn>Judge.cs</DeclaredIn>
  </Token>
  <Token>
    <TokenIdentifier>
      <Name>InitializeComponent</Name>
      <APILanguage>csharp</APILanguage>
      <Type>instm</Type>
      <Scope>PCO._0.ScoringForm</Scope>
    </TokenIdentifier>
    <Path>classPCO_1_1__0_1_1ScoringForm.html</Path>
    <Anchor>afc0d9d6e842d9fdf1eb59263d842ffee</Anchor>
    <Abstract>Required method for Designer support - do not modify the contents of this method with the code editor...</Abstract>
    <DeclaredIn>Judge.Designer.cs</DeclaredIn>
  </Token>
  <Token>
    <TokenIdentifier>
      <Name>SelectedEvent</Name>
      <APILanguage>csharp</APILanguage>
      <Type>data</Type>
      <Scope>PCO._0.ScoringForm</Scope>
    </TokenIdentifier>
    <Path>classPCO_1_1__0_1_1ScoringForm.html</Path>
    <Anchor>aaa61029f62d413187283b96fa272b661</Anchor>
  </Token>
  <Token>
    <TokenIdentifier>
      <Name>components</Name>
      <APILanguage>csharp</APILanguage>
      <Type>data</Type>
      <Scope>PCO._0.ScoringForm</Scope>
    </TokenIdentifier>
    <Path>classPCO_1_1__0_1_1ScoringForm.html</Path>
    <Anchor>a238c9307e7ffe22b4d8e14a46a662ad7</Anchor>
    <Abstract>Required designer variable. </Abstract>
  </Token>
  <Token>
    <TokenIdentifier>
      <Name>dataGridView1</Name>
      <APILanguage>csharp</APILanguage>
      <Type>data</Type>
      <Scope>PCO._0.ScoringForm</Scope>
    </TokenIdentifier>
    <Path>classPCO_1_1__0_1_1ScoringForm.html</Path>
    <Anchor>a291143cc88a016f10f58fa7d048f9bfd</Anchor>
  </Token>
  <Token>
    <TokenIdentifier>
      <Name>listBox1</Name>
      <APILanguage>csharp</APILanguage>
      <Type>data</Type>
      <Scope>PCO._0.ScoringForm</Scope>
    </TokenIdentifier>
    <Path>classPCO_1_1__0_1_1ScoringForm.html</Path>
    <Anchor>a1d8e561957cc9b2b1e8b8ba020146fa8</Anchor>
  </Token>
  <Token>
    <TokenIdentifier>
      <Name>button1</Name>
      <APILanguage>csharp</APILanguage>
      <Type>data</Type>
      <Scope>PCO._0.ScoringForm</Scope>
    </TokenIdentifier>
    <Path>classPCO_1_1__0_1_1ScoringForm.html</Path>
    <Anchor>ae18f67ae6a9b3ec07df6906ed58e6c86</Anchor>
  </Token>
  <Token>
    <TokenIdentifier>
      <Name>label1</Name>
      <APILanguage>csharp</APILanguage>
      <Type>data</Type>
      <Scope>PCO._0.ScoringForm</Scope>
    </TokenIdentifier>
    <Path>classPCO_1_1__0_1_1ScoringForm.html</Path>
    <Anchor>ae5175573b853fa4a41c932659ad4f849</Anchor>
  </Token>
  <Token>
    <TokenIdentifier>
      <Name>label2</Name>
      <APILanguage>csharp</APILanguage>
      <Type>data</Type>
      <Scope>PCO._0.ScoringForm</Scope>
    </TokenIdentifier>
    <Path>classPCO_1_1__0_1_1ScoringForm.html</Path>
    <Anchor>af0dd988c86ad1061fdec991c860c50ee</Anchor>
  </Token>
  <Token>
    <TokenIdentifier>
      <Name>label3</Name>
      <APILanguage>csharp</APILanguage>
      <Type>data</Type>
      <Scope>PCO._0.ScoringForm</Scope>
    </TokenIdentifier>
    <Path>classPCO_1_1__0_1_1ScoringForm.html</Path>
    <Anchor>adff715a0754a45263fda7bbf04d3d081</Anchor>
  </Token>
  <Token>
    <TokenIdentifier>
      <Name>Place</Name>
      <APILanguage>csharp</APILanguage>
      <Type>data</Type>
      <Scope>PCO._0.ScoringForm</Scope>
    </TokenIdentifier>
    <Path>classPCO_1_1__0_1_1ScoringForm.html</Path>
    <Anchor>a032fbd87d18a6e0907a83c282e4f2560</Anchor>
  </Token>
  <Token>
    <TokenIdentifier>
      <Name>button2</Name>
      <APILanguage>csharp</APILanguage>
      <Type>data</Type>
      <Scope>PCO._0.ScoringForm</Scope>
    </TokenIdentifier>
    <Path>classPCO_1_1__0_1_1ScoringForm.html</Path>
    <Anchor>a9313a2d479643918e22a9c40ce624e8f</Anchor>
  </Token>
  <Token>
    <TokenIdentifier>
      <Name>textBox1</Name>
      <APILanguage>csharp</APILanguage>
      <Type>data</Type>
      <Scope>PCO._0.ScoringForm</Scope>
    </TokenIdentifier>
    <Path>classPCO_1_1__0_1_1ScoringForm.html</Path>
    <Anchor>adc8b58eb57aed1d19dd9d44e5cfc910b</Anchor>
  </Token>
  <Token>
    <TokenIdentifier>
      <Name>label4</Name>
      <APILanguage>csharp</APILanguage>
      <Type>data</Type>
      <Scope>PCO._0.ScoringForm</Scope>
    </TokenIdentifier>
    <Path>classPCO_1_1__0_1_1ScoringForm.html</Path>
    <Anchor>afd53cf291beebbd1e52c6500f8d761bb</Anchor>
  </Token>
  <Token>
    <TokenIdentifier>
      <Name>textBox2</Name>
      <APILanguage>csharp</APILanguage>
      <Type>data</Type>
      <Scope>PCO._0.ScoringForm</Scope>
    </TokenIdentifier>
    <Path>classPCO_1_1__0_1_1ScoringForm.html</Path>
    <Anchor>a9b7dea60c839e9e490136e415cbca689</Anchor>
  </Token>
  <Token>
    <TokenIdentifier>
      <Name>textBox3</Name>
      <APILanguage>csharp</APILanguage>
      <Type>data</Type>
      <Scope>PCO._0.ScoringForm</Scope>
    </TokenIdentifier>
    <Path>classPCO_1_1__0_1_1ScoringForm.html</Path>
    <Anchor>a05ec3d37f45a4950e06b22c6974dcdbc</Anchor>
  </Token>
  <Token>
    <TokenIdentifier>
      <Name>textBox4</Name>
      <APILanguage>csharp</APILanguage>
      <Type>data</Type>
      <Scope>PCO._0.ScoringForm</Scope>
    </TokenIdentifier>
    <Path>classPCO_1_1__0_1_1ScoringForm.html</Path>
    <Anchor>a55e436955e52f177c61885d854da3a7d</Anchor>
  </Token>
  <Token>
    <TokenIdentifier>
      <Name>textBox5</Name>
      <APILanguage>csharp</APILanguage>
      <Type>data</Type>
      <Scope>PCO._0.ScoringForm</Scope>
    </TokenIdentifier>
    <Path>classPCO_1_1__0_1_1ScoringForm.html</Path>
    <Anchor>afccad5172710be1561f73c554d77ee59</Anchor>
  </Token>
  <Token>
    <TokenIdentifier>
      <Name>textBox6</Name>
      <APILanguage>csharp</APILanguage>
      <Type>data</Type>
      <Scope>PCO._0.ScoringForm</Scope>
    </TokenIdentifier>
    <Path>classPCO_1_1__0_1_1ScoringForm.html</Path>
    <Anchor>ae9fb74680f84b7e39a49625642aa1893</Anchor>
  </Token>
  <Token>
    <TokenIdentifier>
      <Name>textBox7</Name>
      <APILanguage>csharp</APILanguage>
      <Type>data</Type>
      <Scope>PCO._0.ScoringForm</Scope>
    </TokenIdentifier>
    <Path>classPCO_1_1__0_1_1ScoringForm.html</Path>
    <Anchor>a743b9df795f09a7afac4f252981cec70</Anchor>
  </Token>
  <Token>
    <TokenIdentifier>
      <Name>textBox8</Name>
      <APILanguage>csharp</APILanguage>
      <Type>data</Type>
      <Scope>PCO._0.ScoringForm</Scope>
    </TokenIdentifier>
    <Path>classPCO_1_1__0_1_1ScoringForm.html</Path>
    <Anchor>a1bdd53f49a48c5ce09d4f63365b7ecf4</Anchor>
  </Token>
  <Token>
    <TokenIdentifier>
      <Name>button3</Name>
      <APILanguage>csharp</APILanguage>
      <Type>data</Type>
      <Scope>PCO._0.ScoringForm</Scope>
    </TokenIdentifier>
    <Path>classPCO_1_1__0_1_1ScoringForm.html</Path>
    <Anchor>aaa0f5bd68251cbe3438f04f85c04b592</Anchor>
  </Token>
  <Token>
    <TokenIdentifier>
      <Name>label5</Name>
      <APILanguage>csharp</APILanguage>
      <Type>data</Type>
      <Scope>PCO._0.ScoringForm</Scope>
    </TokenIdentifier>
    <Path>classPCO_1_1__0_1_1ScoringForm.html</Path>
    <Anchor>ace66a75e3f343acdb65cc68d14b8ac2e</Anchor>
  </Token>
  <Token>
    <TokenIdentifier>
      <Name>label6</Name>
      <APILanguage>csharp</APILanguage>
      <Type>data</Type>
      <Scope>PCO._0.ScoringForm</Scope>
    </TokenIdentifier>
    <Path>classPCO_1_1__0_1_1ScoringForm.html</Path>
    <Anchor>aaa5fb477595b697132491cdac72ec1a5</Anchor>
  </Token>
  <Token>
    <TokenIdentifier>
      <Name>label7</Name>
      <APILanguage>csharp</APILanguage>
      <Type>data</Type>
      <Scope>PCO._0.ScoringForm</Scope>
    </TokenIdentifier>
    <Path>classPCO_1_1__0_1_1ScoringForm.html</Path>
    <Anchor>acf22d3bbb1a14fefc2fe9b90ee685619</Anchor>
  </Token>
  <Token>
    <TokenIdentifier>
      <Name>PCO::_0::TeamForm</Name>
      <APILanguage>csharp</APILanguage>
      <Type>cl</Type>
      <Scope>PCO._0.TeamForm</Scope>
    </TokenIdentifier>
    <Path>classPCO_1_1__0_1_1TeamForm.html</Path>
    <Abstract>Team class for GUI. </Abstract>
  </Token>
  <Token>
    <TokenIdentifier>
      <Name>TeamForm</Name>
      <APILanguage>csharp</APILanguage>
      <Type>instm</Type>
      <Scope>PCO._0.TeamForm</Scope>
    </TokenIdentifier>
    <Path>classPCO_1_1__0_1_1TeamForm.html</Path>
    <Anchor>a0db8eadd490077e3330e0254ccdc1cee</Anchor>
    <DeclaredIn>Team.cs</DeclaredIn>
  </Token>
  <Token>
    <TokenIdentifier>
      <Name>Dispose</Name>
      <APILanguage>csharp</APILanguage>
      <Type>instm</Type>
      <Scope>PCO._0.TeamForm</Scope>
    </TokenIdentifier>
    <Path>classPCO_1_1__0_1_1TeamForm.html</Path>
    <Anchor>a5449a007da7a31beca89946d925d0b69</Anchor>
    <Abstract>Clean up any resources being used. </Abstract>
    <DeclaredIn>Team.Designer.cs</DeclaredIn>
  </Token>
  <Token>
    <TokenIdentifier>
      <Name>TeamForm_Load</Name>
      <APILanguage>csharp</APILanguage>
      <Type>instm</Type>
      <Scope>PCO._0.TeamForm</Scope>
    </TokenIdentifier>
    <Path>classPCO_1_1__0_1_1TeamForm.html</Path>
    <Anchor>a899e959028d070cd6b8f5f66fa02dd39</Anchor>
    <DeclaredIn>Team.cs</DeclaredIn>
  </Token>
  <Token>
    <TokenIdentifier>
      <Name>button1_Click</Name>
      <APILanguage>csharp</APILanguage>
      <Type>instm</Type>
      <Scope>PCO._0.TeamForm</Scope>
    </TokenIdentifier>
    <Path>classPCO_1_1__0_1_1TeamForm.html</Path>
    <Anchor>add11c999c9095c4ef00332838caba21f</Anchor>
    <DeclaredIn>Team.cs</DeclaredIn>
  </Token>
  <Token>
    <TokenIdentifier>
      <Name>button1_Click_1</Name>
      <APILanguage>csharp</APILanguage>
      <Type>instm</Type>
      <Scope>PCO._0.TeamForm</Scope>
    </TokenIdentifier>
    <Path>classPCO_1_1__0_1_1TeamForm.html</Path>
    <Anchor>aeec31c575e52aa85997d15790bf8247b</Anchor>
    <DeclaredIn>Team.cs</DeclaredIn>
  </Token>
  <Token>
    <TokenIdentifier>
      <Name>label2_Click</Name>
      <APILanguage>csharp</APILanguage>
      <Type>instm</Type>
      <Scope>PCO._0.TeamForm</Scope>
    </TokenIdentifier>
    <Path>classPCO_1_1__0_1_1TeamForm.html</Path>
    <Anchor>a22becf6adc591129aab673894df17e50</Anchor>
    <DeclaredIn>Team.cs</DeclaredIn>
  </Token>
  <Token>
    <TokenIdentifier>
      <Name>label3_Click</Name>
      <APILanguage>csharp</APILanguage>
      <Type>instm</Type>
      <Scope>PCO._0.TeamForm</Scope>
    </TokenIdentifier>
    <Path>classPCO_1_1__0_1_1TeamForm.html</Path>
    <Anchor>affe7a93b62d0e51f0bd8ad1cd0e36fe3</Anchor>
    <DeclaredIn>Team.cs</DeclaredIn>
  </Token>
  <Token>
    <TokenIdentifier>
      <Name>textBox1_TextChanged</Name>
      <APILanguage>csharp</APILanguage>
      <Type>instm</Type>
      <Scope>PCO._0.TeamForm</Scope>
    </TokenIdentifier>
    <Path>classPCO_1_1__0_1_1TeamForm.html</Path>
    <Anchor>a6601c5199799335b1b2056a9ab9ad53c</Anchor>
    <DeclaredIn>Team.cs</DeclaredIn>
  </Token>
  <Token>
    <TokenIdentifier>
      <Name>dataGridView1_CellContentClick</Name>
      <APILanguage>csharp</APILanguage>
      <Type>instm</Type>
      <Scope>PCO._0.TeamForm</Scope>
    </TokenIdentifier>
    <Path>classPCO_1_1__0_1_1TeamForm.html</Path>
    <Anchor>acfb27ec80635fa1a5bc8c5a7c017e7d8</Anchor>
    <DeclaredIn>Team.cs</DeclaredIn>
  </Token>
  <Token>
    <TokenIdentifier>
      <Name>button2_Click</Name>
      <APILanguage>csharp</APILanguage>
      <Type>instm</Type>
      <Scope>PCO._0.TeamForm</Scope>
    </TokenIdentifier>
    <Path>classPCO_1_1__0_1_1TeamForm.html</Path>
    <Anchor>ac7fa1fa02781cfe64bdb28ee3f47b35b</Anchor>
    <DeclaredIn>Team.cs</DeclaredIn>
  </Token>
  <Token>
    <TokenIdentifier>
      <Name>InitializeComponent</Name>
      <APILanguage>csharp</APILanguage>
      <Type>instm</Type>
      <Scope>PCO._0.TeamForm</Scope>
    </TokenIdentifier>
    <Path>classPCO_1_1__0_1_1TeamForm.html</Path>
    <Anchor>a2f95204581542deb466d2c1643aea9d3</Anchor>
    <Abstract>Required method for Designer support - do not modify the contents of this method with the code editor...</Abstract>
    <DeclaredIn>Team.Designer.cs</DeclaredIn>
  </Token>
  <Token>
    <TokenIdentifier>
      <Name>components</Name>
      <APILanguage>csharp</APILanguage>
      <Type>data</Type>
      <Scope>PCO._0.TeamForm</Scope>
    </TokenIdentifier>
    <Path>classPCO_1_1__0_1_1TeamForm.html</Path>
    <Anchor>ab5e42668f793e518fe0615bc55ed7cb7</Anchor>
    <Abstract>Required designer variable. </Abstract>
  </Token>
  <Token>
    <TokenIdentifier>
      <Name>dataGridView1</Name>
      <APILanguage>csharp</APILanguage>
      <Type>data</Type>
      <Scope>PCO._0.TeamForm</Scope>
    </TokenIdentifier>
    <Path>classPCO_1_1__0_1_1TeamForm.html</Path>
    <Anchor>a8c2297c2bcd76960ace971955c22284f</Anchor>
  </Token>
  <Token>
    <TokenIdentifier>
      <Name>RegisterTeamBtn</Name>
      <APILanguage>csharp</APILanguage>
      <Type>data</Type>
      <Scope>PCO._0.TeamForm</Scope>
    </TokenIdentifier>
    <Path>classPCO_1_1__0_1_1TeamForm.html</Path>
    <Anchor>a77ddf05e8808fb4acf9c781dd7ac1758</Anchor>
  </Token>
  <Token>
    <TokenIdentifier>
      <Name>textBox1</Name>
      <APILanguage>csharp</APILanguage>
      <Type>data</Type>
      <Scope>PCO._0.TeamForm</Scope>
    </TokenIdentifier>
    <Path>classPCO_1_1__0_1_1TeamForm.html</Path>
    <Anchor>a6c0b69087c958e097e8383236d2470e2</Anchor>
  </Token>
  <Token>
    <TokenIdentifier>
      <Name>button1</Name>
      <APILanguage>csharp</APILanguage>
      <Type>data</Type>
      <Scope>PCO._0.TeamForm</Scope>
    </TokenIdentifier>
    <Path>classPCO_1_1__0_1_1TeamForm.html</Path>
    <Anchor>aeba5f7ade710aabac05af33ab5397254</Anchor>
  </Token>
  <Token>
    <TokenIdentifier>
      <Name>label1</Name>
      <APILanguage>csharp</APILanguage>
      <Type>data</Type>
      <Scope>PCO._0.TeamForm</Scope>
    </TokenIdentifier>
    <Path>classPCO_1_1__0_1_1TeamForm.html</Path>
    <Anchor>a0bf7f9e939cb4bea2abbcf798ff1d074</Anchor>
  </Token>
  <Token>
    <TokenIdentifier>
      <Name>label2</Name>
      <APILanguage>csharp</APILanguage>
      <Type>data</Type>
      <Scope>PCO._0.TeamForm</Scope>
    </TokenIdentifier>
    <Path>classPCO_1_1__0_1_1TeamForm.html</Path>
    <Anchor>afd83d97a24a823e05306786f062bf285</Anchor>
  </Token>
  <Token>
    <TokenIdentifier>
      <Name>label3</Name>
      <APILanguage>csharp</APILanguage>
      <Type>data</Type>
      <Scope>PCO._0.TeamForm</Scope>
    </TokenIdentifier>
    <Path>classPCO_1_1__0_1_1TeamForm.html</Path>
    <Anchor>a7172b2a0037432d76865266b1c33eca9</Anchor>
  </Token>
  <Token>
    <TokenIdentifier>
      <Name>button2</Name>
      <APILanguage>csharp</APILanguage>
      <Type>data</Type>
      <Scope>PCO._0.TeamForm</Scope>
    </TokenIdentifier>
    <Path>classPCO_1_1__0_1_1TeamForm.html</Path>
    <Anchor>a15e74530591d8c6cbb7cf9d012e57dee</Anchor>
  </Token>
</Tokens>
